eesnimi;perenimi;isikukood;kasutajanimi;epost
Jan;Kool;39610210922;jan.kool;jan.kool@asutus.ee
Kairit;Järvesaar;49206229080;kairit.jarvesaar;kairit.jarvesaar@asutus.ee
Marili;Kink;49501297976;marili.kink;marili.kink@asutus.ee
Meribel;Drozdov;49207243873;meribel.drozdov;meribel.drozdov@asutus.ee
Ian;Leppik;39301166630;ian.leppik;ian.leppik@asutus.ee
Jüri;Tamberg;39909257194;juri.tamberg;juri.tamberg@asutus.ee
Markkus;Vain;39407125676;markkus.vain;markkus.vain@asutus.ee
Kätlin;Stepanov;49810110062;katlin.stepanov;katlin.stepanov@asutus.ee
Tarvi;Trei;39111012342;tarvi.trei;tarvi.trei@asutus.ee
Aivar;Merisaar;39709225065;aivar.merisaar;aivar.merisaar@asutus.ee
Kaspar;Medvedev;39609237693;kaspar.medvedev;kaspar.medvedev@asutus.ee
Matthias;Herodes;39101234597;matthias.herodes;matthias.herodes@asutus.ee
Anastassia;Tsvetkov;49901042678;anastassia.tsvetkov;anastassia.tsvetkov@asutus.ee
Veiko;Jakobson;39406125087;veiko.jakobson;veiko.jakobson@asutus.ee
Maria;Toomsalu;49812098153;maria.toomsalu;maria.toomsalu@asutus.ee
Teili;Ploom;49208074854;teili.ploom;teili.ploom@asutus.ee
Lija;Tammet;49610130916;lija.tammet;lija.tammet@asutus.ee
Aire;Kroon;49104070261;aire.kroon;aire.kroon@asutus.ee
Siim;Paju;39704134237;siim.paju;siim.paju@asutus.ee
Kirsika;Tamm;49704187098;kirsika.tamm;kirsika.tamm@asutus.ee
Merily;Mürk;49208287331;merily.murk;merily.murk@asutus.ee
Taisi;Kirss;49909130569;taisi.kirss;taisi.kirss@asutus.ee
Marti;Mann;39107198023;marti.mann;marti.mann@asutus.ee
Ervin;Kalda;39007181848;ervin.kalda;ervin.kalda@asutus.ee
Helis;Pihlak;49406033524;helis.pihlak;helis.pihlak@asutus.ee
Reimo;Silm;39408235928;reimo.silm;reimo.silm@asutus.ee
Vanessa;Sorokin;49001133990;vanessa.sorokin;vanessa.sorokin@asutus.ee
Keily;Kalinin;49403266067;keily.kalinin;keily.kalinin@asutus.ee
Emilie;Lokk;49409260548;emilie.lokk;emilie.lokk@asutus.ee
Elar;Baskin;39209027703;elar.baskin;elar.baskin@asutus.ee
Alar;Kodres;39703082234;alar.kodres;alar.kodres@asutus.ee
Inna;Niit;49303089381;inna.niit;inna.niit@asutus.ee
Rebeca;Sepp;49302181155;rebeca.sepp;rebeca.sepp@asutus.ee
Frank;Rätsep;39202256497;frank.ratsep;frank.ratsep@asutus.ee
Renno;Nuut;39205029700;renno.nuut;renno.nuut@asutus.ee
Meelis;Lang;39209138876;meelis.lang;meelis.lang@asutus.ee
Joonas;Reimann;39802192305;joonas.reimann;joonas.reimann@asutus.ee
Gabriel;Viks;39801188262;gabriel.viks;gabriel.viks@asutus.ee
Greete;Mäeots;49406076643;greete.maeots;greete.maeots@asutus.ee
Kärt;Kaljula;49006302919;kart.kaljula;kart.kaljula@asutus.ee
Christian;Kulikov;39503244227;christian.kulikov;christian.kulikov@asutus.ee
Alexandra;Tsvetkov;49007014642;alexandra.tsvetkov;alexandra.tsvetkov@asutus.ee
Marelle;Michelson;49001218170;marelle.michelson;marelle.michelson@asutus.ee
Katre;Ott;49005029152;katre.ott;katre.ott@asutus.ee
Ander;Moor;39904271700;ander.moor;ander.moor@asutus.ee
Stepan;Simson;39904057710;stepan.simson;stepan.simson@asutus.ee
Marie;Karpov;49111128682;marie.karpov;marie.karpov@asutus.ee
Svjatoslav;Õispuu;39008066519;svjatoslav.oispuu;svjatoslav.oispuu@asutus.ee
Dariya;Tiik;49005289531;dariya.tiik;dariya.tiik@asutus.ee
Mark;Kattai;39602080287;mark.kattai;mark.kattai@asutus.ee
Reena;Jeršov;49312058500;reena.jersov;reena.jersov@asutus.ee
Marielle;Kiis;49603142282;marielle.kiis;marielle.kiis@asutus.ee
Sofja;Mark;49304221876;sofja.mark;sofja.mark@asutus.ee
Evelina;Karu;49510133797;evelina.karu;evelina.karu@asutus.ee
Heidy;Meier;49502011487;heidy.meier;heidy.meier@asutus.ee
Erik;Vares;39510266650;erik.vares;erik.vares@asutus.ee
Ege;Heinsalu;49409044015;ege.heinsalu;ege.heinsalu@asutus.ee
Kirsika;Jürgenson;49612129623;kirsika.jurgenson;kirsika.jurgenson@asutus.ee
Jelena;Matvejev;49903153365;jelena.matvejev;jelena.matvejev@asutus.ee
Tormi;Marksoo;39002243412;tormi.marksoo;tormi.marksoo@asutus.ee
Kevin;Püvi;39704201757;kevin.puvi;kevin.puvi@asutus.ee
Kristin;Ojala;49007119391;kristin.ojala;kristin.ojala@asutus.ee
Hanna Maria;Jaakson;49212143765;hannamaria.jaakson;hannamaria.jaakson@asutus.ee
Sonja;Kukk;49309200592;sonja.kukk;sonja.kukk@asutus.ee
Maris;Maslov;49905194983;maris.maslov;maris.maslov@asutus.ee
Nele;Ojala;49208305381;nele.ojala;nele.ojala@asutus.ee
Jevgenija;Piir;49111277596;jevgenija.piir;jevgenija.piir@asutus.ee
Alexandra;Ignatjev;49512197994;alexandra.ignatjev;alexandra.ignatjev@asutus.ee
Andrea;Sarapuu;49903128623;andrea.sarapuu;andrea.sarapuu@asutus.ee
Olari;Kondratjev;39908182358;olari.kondratjev;olari.kondratjev@asutus.ee
Killu;Kuusk;49309162256;killu.kuusk;killu.kuusk@asutus.ee
Maikel;Lang;39207036926;maikel.lang;maikel.lang@asutus.ee
Gertu;Žukov;49308139208;gertu.zukov;gertu.zukov@asutus.ee
Heiko;Bondarenko;39502068002;heiko.bondarenko;heiko.bondarenko@asutus.ee
Rustam;Mets;39508088038;rustam.mets;rustam.mets@asutus.ee
Inna;Kikkas;49107197755;inna.kikkas;inna.kikkas@asutus.ee
Kati;Merila;49706176111;kati.merila;kati.merila@asutus.ee
Ramon;Veski;39207079028;ramon.veski;ramon.veski@asutus.ee
Liisbet;Baranov;49310058101;liisbet.baranov;liisbet.baranov@asutus.ee
Ksenija;Männik;49509100926;ksenija.mannik;ksenija.mannik@asutus.ee
Aili;Käär;49906254523;aili.kaar;aili.kaar@asutus.ee
Marin;Reimann;49211257475;marin.reimann;marin.reimann@asutus.ee
Anna-Liis;Poom;49103179600;annaliis.poom;annaliis.poom@asutus.ee
Liilia;Mändla;49908247998;liilia.mandla;liilia.mandla@asutus.ee
Toni;Kiik;39805105487;toni.kiik;toni.kiik@asutus.ee
Marlon;Bogdanov;39304308900;marlon.bogdanov;marlon.bogdanov@asutus.ee
Mia;Pihelgas;49801166987;mia.pihelgas;mia.pihelgas@asutus.ee
Hanna-Maria;Sobolev;49207140640;hannamaria.sobolev;hannamaria.sobolev@asutus.ee
Kenet;Hallik;39302098357;kenet.hallik;kenet.hallik@asutus.ee
Gea;Puusepp;49009078941;gea.puusepp;gea.puusepp@asutus.ee
Rain;Kruglov;39806184258;rain.kruglov;rain.kruglov@asutus.ee
Cassandra;Jegorov;49608170668;cassandra.jegorov;cassandra.jegorov@asutus.ee
Maarja-Liisa;Tiits;49102141407;maarjaliisa.tiits;maarjaliisa.tiits@asutus.ee
Keiti;Maasik;49308187437;keiti.maasik;keiti.maasik@asutus.ee
Aap;Viik;39612294375;aap.viik;aap.viik@asutus.ee
Ene;Ossipov;49907067806;ene.ossipov;ene.ossipov@asutus.ee
Daria;Konstantinov;49910310241;daria.konstantinov;daria.konstantinov@asutus.ee
Ayrton;Gross;39809093311;ayrton.gross;ayrton.gross@asutus.ee
Karol;Annus;39401036290;karol.annus;karol.annus@asutus.ee
Marcos;Kutsar;39705019383;marcos.kutsar;marcos.kutsar@asutus.ee
Urmas;Krõlov;39812022474;urmas.krolov;urmas.krolov@asutus.ee
Anatoli;Müürsepp;39407243558;anatoli.muursepp;anatoli.muursepp@asutus.ee
Deivi;Kilk;49909297026;deivi.kilk;deivi.kilk@asutus.ee
Arabella;Kikkas;49508070372;arabella.kikkas;arabella.kikkas@asutus.ee
Kennet;Trei;39805109979;kennet.trei;kennet.trei@asutus.ee
Sirly;Kass;49312287225;sirly.kass;sirly.kass@asutus.ee
Tambet;Rätsep;39410274745;tambet.ratsep;tambet.ratsep@asutus.ee
Susanna;Klaas;49403305214;susanna.klaas;susanna.klaas@asutus.ee
Remi;Melnik;39304088111;remi.melnik;remi.melnik@asutus.ee
Meelika;Sikorski;49604157741;meelika.sikorski;meelika.sikorski@asutus.ee
Annika;Mägi;49004192710;annika.magi;annika.magi@asutus.ee
Maarika;Kolesnik;49107110199;maarika.kolesnik;maarika.kolesnik@asutus.ee
Reigo;Kohv;39506077482;reigo.kohv;reigo.kohv@asutus.ee
Olev;Kiis;39904116252;olev.kiis;olev.kiis@asutus.ee
Kirsti;Vinogradov;49903046665;kirsti.vinogradov;kirsti.vinogradov@asutus.ee
Annabella;Põldma;49410287113;annabella.poldma;annabella.poldma@asutus.ee
Daisi;Kasemaa;49301285914;daisi.kasemaa;daisi.kasemaa@asutus.ee
Marge;Tarassov;49401129469;marge.tarassov;marge.tarassov@asutus.ee
Kristine;Sillaots;49307270235;kristine.sillaots;kristine.sillaots@asutus.ee
Niina;Reinsalu;49508312916;niina.reinsalu;niina.reinsalu@asutus.ee
Janika;Mõttus;49208264801;janika.mottus;janika.mottus@asutus.ee
Heleriin;Villemson;49410204833;heleriin.villemson;heleriin.villemson@asutus.ee
Kaili;Moroz;49401016863;kaili.moroz;kaili.moroz@asutus.ee
Hanna-Maria;Peterson;49212242921;hannamaria.peterson;hannamaria.peterson@asutus.ee
Jevgenija;Aun;49011274574;jevgenija.aun;jevgenija.aun@asutus.ee
Arko;Olesk;39611010058;arko.olesk;arko.olesk@asutus.ee
Helena;Mäesalu;49007208232;helena.maesalu;helena.maesalu@asutus.ee
Juss;Aakre;39501232990;juss.aakre;juss.aakre@asutus.ee
Getriin;Erm;49308233538;getriin.erm;getriin.erm@asutus.ee
Karl Kevin;Vahter;39401258173;karlkevin.vahter;karlkevin.vahter@asutus.ee
Minna;Meister;49104117355;minna.meister;minna.meister@asutus.ee
Harri;Bogdanov;39207274818;harri.bogdanov;harri.bogdanov@asutus.ee
Jaagup;Pihelgas;39703228592;jaagup.pihelgas;jaagup.pihelgas@asutus.ee
Lii;Hansen;49504253293;lii.hansen;lii.hansen@asutus.ee
Ingvar;Lokk;39504051851;ingvar.lokk;ingvar.lokk@asutus.ee
Gerttu;Fedorov;49011279113;gerttu.fedorov;gerttu.fedorov@asutus.ee
Mona;Rätsep;49309190417;mona.ratsep;mona.ratsep@asutus.ee
Teili;Parts;49912268383;teili.parts;teili.parts@asutus.ee
Maiken;Roosileht;49003170446;maiken.roosileht;maiken.roosileht@asutus.ee
Ago;Jarvis;39308309505;ago.jarvis;ago.jarvis@asutus.ee
Stiven;Järvesaar;39911247140;stiven.jarvesaar;stiven.jarvesaar@asutus.ee
Lidia;Randoja;49709273699;lidia.randoja;lidia.randoja@asutus.ee
Daniella;Grigorieva;49210254436;daniella.grigorieva;daniella.grigorieva@asutus.ee
Emili;Sööt;49507016075;emili.soot;emili.soot@asutus.ee
Jegor;Petrov;39510211755;jegor.petrov;jegor.petrov@asutus.ee
Veera;Reinsalu;49612177323;veera.reinsalu;veera.reinsalu@asutus.ee
Karl Markus;Mikk;39608290970;karlmarkus.mikk;karlmarkus.mikk@asutus.ee
Karlis;Miller;39111034796;karlis.miller;karlis.miller@asutus.ee
Kaidi;Koort;49404114997;kaidi.koort;kaidi.koort@asutus.ee
Yury;Raudsepp;39404304087;yury.raudsepp;yury.raudsepp@asutus.ee
Ronaldo;Erik;39506066877;ronaldo.erik;ronaldo.erik@asutus.ee
Mariliis;Treier;49705013704;mariliis.treier;mariliis.treier@asutus.ee
Killu;Tammet;49111110778;killu.tammet;killu.tammet@asutus.ee
Luisa;Kapp;49712141099;luisa.kapp;luisa.kapp@asutus.ee
Juliana;Kesküla;49001087377;juliana.keskula;juliana.keskula@asutus.ee
Brittany;Žuravljov;49511251432;brittany.zuravljov;brittany.zuravljov@asutus.ee
Frederik;Mändla;39911226764;frederik.mandla;frederik.mandla@asutus.ee
Eerika;Liiv;49811139664;eerika.liiv;eerika.liiv@asutus.ee
Caroly;Raamat;49306293869;caroly.raamat;caroly.raamat@asutus.ee
Oliivia;Talts;49201271964;oliivia.talts;oliivia.talts@asutus.ee
Matti;Tammik;39908306029;matti.tammik;matti.tammik@asutus.ee
Mati;Lipp;39105032384;mati.lipp;mati.lipp@asutus.ee
Tauno;Luik;39508288907;tauno.luik;tauno.luik@asutus.ee
Karol;Jalakas;39401299429;karol.jalakas;karol.jalakas@asutus.ee
Aimar;Tiits;39609145015;aimar.tiits;aimar.tiits@asutus.ee
Andris;Nurm;39512123156;andris.nurm;andris.nurm@asutus.ee
Kalle;Kink;39312102663;kalle.kink;kalle.kink@asutus.ee
Reigo;Luiga;39109011613;reigo.luiga;reigo.luiga@asutus.ee
Gea;Salumäe;49211016644;gea.salumae;gea.salumae@asutus.ee
Daniel;Raud;39801265175;daniel.raud;daniel.raud@asutus.ee
Helerin;Bogdanov;49307183403;helerin.bogdanov;helerin.bogdanov@asutus.ee
Aveli;Rohtla;49110024764;aveli.rohtla;aveli.rohtla@asutus.ee
Lauren;Järv;49402173791;lauren.jarv;lauren.jarv@asutus.ee
Kaire;Anderson;49908105627;kaire.anderson;kaire.anderson@asutus.ee
Helerin;Müürsepp;49102257482;helerin.muursepp;helerin.muursepp@asutus.ee
Remi;Annus;39705279282;remi.annus;remi.annus@asutus.ee
Uljana;Kalm;49703243022;uljana.kalm;uljana.kalm@asutus.ee
Leonid;Pettai;39904153030;leonid.pettai;leonid.pettai@asutus.ee
Innar;Heinsoo;39103046134;innar.heinsoo;innar.heinsoo@asutus.ee
Harry;Jarvis;39308283716;harry.jarvis;harry.jarvis@asutus.ee
Ago;Vaino;39503225141;ago.vaino;ago.vaino@asutus.ee
Iti;Pettai;49705150624;iti.pettai;iti.pettai@asutus.ee
Melissa;Sisask;49403256056;melissa.sisask;melissa.sisask@asutus.ee
Evita;Nuut;49001095598;evita.nuut;evita.nuut@asutus.ee
Jako;Täht;39609059530;jako.taht;jako.taht@asutus.ee
Geidi;Lotman;49102213096;geidi.lotman;geidi.lotman@asutus.ee
Magnus;Raja;39607017574;magnus.raja;magnus.raja@asutus.ee
Olivia;Jermakov;49607066809;olivia.jermakov;olivia.jermakov@asutus.ee
Armo;Rosenberg;39407262806;armo.rosenberg;armo.rosenberg@asutus.ee
Chris;Zahharov;39412289034;chris.zahharov;chris.zahharov@asutus.ee
Mihkel;Palm;39507137729;mihkel.palm;mihkel.palm@asutus.ee
Vsevolod;Suvi;39108303420;vsevolod.suvi;vsevolod.suvi@asutus.ee
Tauno;Raja;39603252870;tauno.raja;tauno.raja@asutus.ee
Tanel;Vaher;39503071300;tanel.vaher;tanel.vaher@asutus.ee
Mariliis;Järv;49509286231;mariliis.jarv;mariliis.jarv@asutus.ee
Anne;Sarapuu;49907207356;anne.sarapuu;anne.sarapuu@asutus.ee
Gea;Eller;49003040840;gea.eller;gea.eller@asutus.ee
Toomas;Johanson;39604014409;toomas.johanson;toomas.johanson@asutus.ee
Keiri;Rosenberg;49411191636;keiri.rosenberg;keiri.rosenberg@asutus.ee
Armand;Heinsalu;39709218358;armand.heinsalu;armand.heinsalu@asutus.ee
Berit;Fedorov;49905235725;berit.fedorov;berit.fedorov@asutus.ee
Jüri;Powell;39902073785;juri.powell;juri.powell@asutus.ee
Raivo;Pärtel;39703057883;raivo.partel;raivo.partel@asutus.ee
Tatiana;Zaitsev;49210015521;tatiana.zaitsev;tatiana.zaitsev@asutus.ee
Minna;Remmel;49503239716;minna.remmel;minna.remmel@asutus.ee
Gerdo;Viks;39401021209;gerdo.viks;gerdo.viks@asutus.ee
Karolina;Nuut;49307059205;karolina.nuut;karolina.nuut@asutus.ee
Kaire;Kuusik;49406278734;kaire.kuusik;kaire.kuusik@asutus.ee
Johanna;Ploom;49701263728;johanna.ploom;johanna.ploom@asutus.ee
Joonatan;Annus;39311242647;joonatan.annus;joonatan.annus@asutus.ee
Brittany;Popov;49809300197;brittany.popov;brittany.popov@asutus.ee
Renet;Suvorov;39010025565;renet.suvorov;renet.suvorov@asutus.ee
Mart;Uus;39810057391;mart.uus;mart.uus@asutus.ee
Arabella;Markson;49502088955;arabella.markson;arabella.markson@asutus.ee
Loora;Vaher;49009100148;loora.vaher;loora.vaher@asutus.ee
Sven;Lipp;39110278012;sven.lipp;sven.lipp@asutus.ee
Anfissa;Koger;49908183491;anfissa.koger;anfissa.koger@asutus.ee
Sirli;Saare;49211109596;sirli.saare;sirli.saare@asutus.ee
Hans;Kant;39709227528;hans.kant;hans.kant@asutus.ee
Agnes;Mändla;49201195744;agnes.mandla;agnes.mandla@asutus.ee
Kaire;Liivak;49407018299;kaire.liivak;kaire.liivak@asutus.ee
Mattis;Makarov;39403170250;mattis.makarov;mattis.makarov@asutus.ee
Karl Jakob;Gavrilov;39503244136;karljakob.gavrilov;karljakob.gavrilov@asutus.ee
Renate;Aasa;49310299240;renate.aasa;renate.aasa@asutus.ee
Izabella;Härm;49708213306;izabella.harm;izabella.harm@asutus.ee
Heiki;Kärner;39611098121;heiki.karner;heiki.karner@asutus.ee
Valentin;Martin;39204120142;valentin.martin;valentin.martin@asutus.ee
Andre;Hunt;39810096594;andre.hunt;andre.hunt@asutus.ee
Albina;Markus;49405231050;albina.markus;albina.markus@asutus.ee
Sten-Erik;Järvekülg;39107162072;stenerik.jarvekulg;stenerik.jarvekulg@asutus.ee
Kalle;Laanemets;39406150236;kalle.laanemets;kalle.laanemets@asutus.ee
Iris;Tuul;49808316636;iris.tuul;iris.tuul@asutus.ee
Freddy;Mitt;39105125393;freddy.mitt;freddy.mitt@asutus.ee
Andris;Powell;39407275873;andris.powell;andris.powell@asutus.ee
Raul;Lunin;39307027572;raul.lunin;raul.lunin@asutus.ee
Ranar;Kiis;39907241572;ranar.kiis;ranar.kiis@asutus.ee
Arseni;Kalamees;39602077666;arseni.kalamees;arseni.kalamees@asutus.ee
Kerti;Suur;49112070770;kerti.suur;kerti.suur@asutus.ee
Rainis;Hein;39611241361;rainis.hein;rainis.hein@asutus.ee
Kaidi;Ploom;49012047917;kaidi.ploom;kaidi.ploom@asutus.ee
Morten;Mann;39606036934;morten.mann;morten.mann@asutus.ee
Aljona;Loginov;49205110024;aljona.loginov;aljona.loginov@asutus.ee
Rivo;Naumov;39103158883;rivo.naumov;rivo.naumov@asutus.ee
Reimo;Täht;39305181008;reimo.taht;reimo.taht@asutus.ee
Melany;Valge;49305148943;melany.valge;melany.valge@asutus.ee
Tanel;Allas;39211084571;tanel.allas;tanel.allas@asutus.ee
Veroonika;Maslov;49012065015;veroonika.maslov;veroonika.maslov@asutus.ee
Reigo;Sikorski;39411298100;reigo.sikorski;reigo.sikorski@asutus.ee
Anu;Kask;49307145312;anu.kask;anu.kask@asutus.ee
Raivo;Kilk;39805019162;raivo.kilk;raivo.kilk@asutus.ee
Inger;Kõiv;49407019662;inger.koiv;inger.koiv@asutus.ee
Remi;Koort;39806259147;remi.koort;remi.koort@asutus.ee
Heinrich;Rein;39010173011;heinrich.rein;heinrich.rein@asutus.ee
Ellen;Valge;49009307891;ellen.valge;ellen.valge@asutus.ee
Jan Erik;Lauri;39907012089;janerik.lauri;janerik.lauri@asutus.ee
Jan Markus;Piirsalu;39510149082;janmarkus.piirsalu;janmarkus.piirsalu@asutus.ee
Auli;Kurm;49511129293;auli.kurm;auli.kurm@asutus.ee
Tobias;Vares;39102125455;tobias.vares;tobias.vares@asutus.ee
Marek;Järvesaar;39103014104;marek.jarvesaar;marek.jarvesaar@asutus.ee
Dmitri;Põdra;39612021698;dmitri.podra;dmitri.podra@asutus.ee
Tanel;Kurg;39808124071;tanel.kurg;tanel.kurg@asutus.ee
Matis;Green;39101058284;matis.green;matis.green@asutus.ee
Alvar;Uus;39809033271;alvar.uus;alvar.uus@asutus.ee
Johann;Abel;39107110660;johann.abel;johann.abel@asutus.ee
August;Johanson;39805092153;august.johanson;august.johanson@asutus.ee
Stenver;Kalamees;39502183618;stenver.kalamees;stenver.kalamees@asutus.ee
Rivo;Makarov;39204153330;rivo.makarov;rivo.makarov@asutus.ee
Kairo;Hansen;39704177987;kairo.hansen;kairo.hansen@asutus.ee
Margaret;Kelder;49009267947;margaret.kelder;margaret.kelder@asutus.ee
Sirle;Merila;49904198890;sirle.merila;sirle.merila@asutus.ee
Annabella;Rein;49011116811;annabella.rein;annabella.rein@asutus.ee
Gregori;Iljin;39602092102;gregori.iljin;gregori.iljin@asutus.ee
Mariana;Palu;49209042267;mariana.palu;mariana.palu@asutus.ee
Aron;Adamson;39011068057;aron.adamson;aron.adamson@asutus.ee
Dagmar;Bogdanov;49705024175;dagmar.bogdanov;dagmar.bogdanov@asutus.ee
Helina;Sikorski;49212299185;helina.sikorski;helina.sikorski@asutus.ee
Magnar;Hansen;39404233886;magnar.hansen;magnar.hansen@asutus.ee
Keity;Lepp;49211223496;keity.lepp;keity.lepp@asutus.ee
Keijo;Aasa;39003176262;keijo.aasa;keijo.aasa@asutus.ee
Agris;Lukk;39101227722;agris.lukk;agris.lukk@asutus.ee
Marelle;Jürgenson;49910309208;marelle.jurgenson;marelle.jurgenson@asutus.ee
Lidia;Kadak;49703274294;lidia.kadak;lidia.kadak@asutus.ee
Liisu;Mihhailov;49106238794;liisu.mihhailov;liisu.mihhailov@asutus.ee
Olari;Palu;39502048856;olari.palu;olari.palu@asutus.ee
Katriin;Suvorov;49401156371;katriin.suvorov;katriin.suvorov@asutus.ee
Morten;Borissov;39812035259;morten.borissov;morten.borissov@asutus.ee
Britta;Loginov;49610122323;britta.loginov;britta.loginov@asutus.ee
Varvara;Anderson;49101271937;varvara.anderson;varvara.anderson@asutus.ee
Deivid;Abderhalden;39702138887;deivid.abderhalden;deivid.abderhalden@asutus.ee
Amanda;Prikk;49508222727;amanda.prikk;amanda.prikk@asutus.ee
Jako;Lumiste;39406183172;jako.lumiste;jako.lumiste@asutus.ee
Magnus;Anissimov;39202239491;magnus.anissimov;magnus.anissimov@asutus.ee
Adelina;Lõhmus;49701091090;adelina.lohmus;adelina.lohmus@asutus.ee
Albina;Mäesalu;49203152615;albina.maesalu;albina.maesalu@asutus.ee
Edgar;Pärna;39810102865;edgar.parna;edgar.parna@asutus.ee
Elina;Lebedev;49809116723;elina.lebedev;elina.lebedev@asutus.ee
Ester;Bogdanov;49002126898;ester.bogdanov;ester.bogdanov@asutus.ee
Renar;Fomin;39106183301;renar.fomin;renar.fomin@asutus.ee
Heiko;Jõesaar;39809207533;heiko.joesaar;heiko.joesaar@asutus.ee
Sanna;Kivimäe;49503146245;sanna.kivimae;sanna.kivimae@asutus.ee
Risto;Anderson;39409064758;risto.anderson;risto.anderson@asutus.ee
Grigori;Voronin;39801194258;grigori.voronin;grigori.voronin@asutus.ee
Valentin;Kaljuvee;39801310404;valentin.kaljuvee;valentin.kaljuvee@asutus.ee
Sirly;Liivak;49903269468;sirly.liivak;sirly.liivak@asutus.ee
Ago;Konstantinov;39605288699;ago.konstantinov;ago.konstantinov@asutus.ee
Mattis;Vaher;39704012338;mattis.vaher;mattis.vaher@asutus.ee
Laura-Liis;Zahharov;49912061364;lauraliis.zahharov;lauraliis.zahharov@asutus.ee
Marion;Kuus;49410090314;marion.kuus;marion.kuus@asutus.ee
Katri;Kasak;49405159163;katri.kasak;katri.kasak@asutus.ee
Kristo;Jeršov;39411073934;kristo.jersov;kristo.jersov@asutus.ee
Lii;Remmel;49305227456;lii.remmel;lii.remmel@asutus.ee
Rostislav;Rumjantsev;39704160993;rostislav.rumjantsev;rostislav.rumjantsev@asutus.ee
Keily;Sobolev;49006085987;keily.sobolev;keily.sobolev@asutus.ee
Kregor;Kivimäe;39612155496;kregor.kivimae;kregor.kivimae@asutus.ee
Greete;Gross;49303050835;greete.gross;greete.gross@asutus.ee
Evita;Kull;49910258397;evita.kull;evita.kull@asutus.ee
Ivo;Gerassimov;39601301942;ivo.gerassimov;ivo.gerassimov@asutus.ee
Stepan;Rüütel;39806284585;stepan.ruutel;stepan.ruutel@asutus.ee
Astrid;Jegorov;49701137293;astrid.jegorov;astrid.jegorov@asutus.ee
Merlin;Kesküla;49908068713;merlin.keskula;merlin.keskula@asutus.ee
Rebeka;Kalm;49002191045;rebeka.kalm;rebeka.kalm@asutus.ee
Christofer;Kondratjev;39406284591;christofer.kondratjev;christofer.kondratjev@asutus.ee
Evita;Lindgren;49207086050;evita.lindgren;evita.lindgren@asutus.ee
Getriin;Loorits;49802147800;getriin.loorits;getriin.loorits@asutus.ee
Ann;Nõmmik;49506303298;ann.nommik;ann.nommik@asutus.ee
Sophia;Kissa;49608318767;sophia.kissa;sophia.kissa@asutus.ee
Karolin;Roos;49208229588;karolin.roos;karolin.roos@asutus.ee
Urmas;Mironov;39111265067;urmas.mironov;urmas.mironov@asutus.ee
Mart;Puusepp;39105083274;mart.puusepp;mart.puusepp@asutus.ee
Kaari;Kangur;49706231593;kaari.kangur;kaari.kangur@asutus.ee
Siret;Kaljuvee;49608159900;siret.kaljuvee;siret.kaljuvee@asutus.ee
Ruslan;Mäe;39208196075;ruslan.mae;ruslan.mae@asutus.ee
Roberta;Randoja;49803254734;roberta.randoja;roberta.randoja@asutus.ee
Anastasija;Jakovlev;49503222069;anastasija.jakovlev;anastasija.jakovlev@asutus.ee
Pavel;Kaasik;39610101785;pavel.kaasik;pavel.kaasik@asutus.ee
Kristen;Kostin;39710126982;kristen.kostin;kristen.kostin@asutus.ee
Mark;Melnik;39901140444;mark.melnik;mark.melnik@asutus.ee
Marleen;Merisaar;49407084434;marleen.merisaar;marleen.merisaar@asutus.ee
Lars;Mandel;39908069261;lars.mandel;lars.mandel@asutus.ee
Sergey;Siim;39905142152;sergey.siim;sergey.siim@asutus.ee
Karolin;Kondratjev;49506109063;karolin.kondratjev;karolin.kondratjev@asutus.ee
Ilya;Lill;39009202458;ilya.lill;ilya.lill@asutus.ee
Kertu;Pärnpuu;49210274415;kertu.parnpuu;kertu.parnpuu@asutus.ee
Andrei;Arula;39311152440;andrei.arula;andrei.arula@asutus.ee
Taavet;Viik;39407092202;taavet.viik;taavet.viik@asutus.ee
Janari;Kiil;39505227212;janari.kiil;janari.kiil@asutus.ee
Sven;Rosenberg;39505266825;sven.rosenberg;sven.rosenberg@asutus.ee
Sirly;Org;49502188914;sirly.org;sirly.org@asutus.ee
Artur;Klaas;39308199936;artur.klaas;artur.klaas@asutus.ee
Olivia;Pulk;49701166913;olivia.pulk;olivia.pulk@asutus.ee
Natalja;Pihelgas;49612224092;natalja.pihelgas;natalja.pihelgas@asutus.ee
Reti;Gerassimov;49406266300;reti.gerassimov;reti.gerassimov@asutus.ee
Timofei;Trei;39207160853;timofei.trei;timofei.trei@asutus.ee
Keiu;Roosileht;49109074522;keiu.roosileht;keiu.roosileht@asutus.ee
Mart;Kalamees;39004134479;mart.kalamees;mart.kalamees@asutus.ee
Daria;Jeršov;49609051654;daria.jersov;daria.jersov@asutus.ee
Ronald;Kruglov;39201318914;ronald.kruglov;ronald.kruglov@asutus.ee
Loore;Kohv;49207075038;loore.kohv;loore.kohv@asutus.ee
Julius;Kapp;39907034914;julius.kapp;julius.kapp@asutus.ee
Vassili;Mitt;39908045442;vassili.mitt;vassili.mitt@asutus.ee
Grethel;Volkov;49908104968;grethel.volkov;grethel.volkov@asutus.ee
Anna Maria;Kuus;49407253308;annamaria.kuus;annamaria.kuus@asutus.ee
Priit;Kool;39405121878;priit.kool;priit.kool@asutus.ee
Ervin;Kaljuvee;39112084594;ervin.kaljuvee;ervin.kaljuvee@asutus.ee
Ivar;Karu;39311276010;ivar.karu;ivar.karu@asutus.ee
Arko;Kull;39810270487;arko.kull;arko.kull@asutus.ee
Andero;Loorits;39505215870;andero.loorits;andero.loorits@asutus.ee
Meelis;Luht;39705014188;meelis.luht;meelis.luht@asutus.ee
Feliks;Püvi;39601098864;feliks.puvi;feliks.puvi@asutus.ee
Alexander;Mägi;39207220295;alexander.magi;alexander.magi@asutus.ee
Karoli;Nurk;49406032069;karoli.nurk;karoli.nurk@asutus.ee
Nataly;Aasmäe;49005297425;nataly.aasmae;nataly.aasmae@asutus.ee
Nils;Davõdov;39405266652;nils.davodov;nils.davodov@asutus.ee
Kennet;Kont;39108277297;kennet.kont;kennet.kont@asutus.ee
Jörgen;Lukk;39105093993;jorgen.lukk;jorgen.lukk@asutus.ee
Kirke;Adamson;49003253436;kirke.adamson;kirke.adamson@asutus.ee
Vanessa;Kuusk;49105175179;vanessa.kuusk;vanessa.kuusk@asutus.ee
Martha;Pihlak;49003159519;martha.pihlak;martha.pihlak@asutus.ee
Leonard;Suits;39107160896;leonard.suits;leonard.suits@asutus.ee
Kaja;Komarov;49704064167;kaja.komarov;kaja.komarov@asutus.ee
Kerli;Org;49808220791;kerli.org;kerli.org@asutus.ee
Ian;Konovalov;39404013832;ian.konovalov;ian.konovalov@asutus.ee
Artemi;Matvejev;39112244411;artemi.matvejev;artemi.matvejev@asutus.ee
Reivo;Kostin;39308026651;reivo.kostin;reivo.kostin@asutus.ee
Kati;Mandel;49411092008;kati.mandel;kati.mandel@asutus.ee
Nikolay;Aasmäe;39111077554;nikolay.aasmae;nikolay.aasmae@asutus.ee
Hannabel;Roots;49808302096;hannabel.roots;hannabel.roots@asutus.ee
Patricia;Jefimov;49912056301;patricia.jefimov;patricia.jefimov@asutus.ee
Trinity;Toom;49104286185;trinity.toom;trinity.toom@asutus.ee
Marko;Roots;39810030508;marko.roots;marko.roots@asutus.ee
Martti;Anton;39911015458;martti.anton;martti.anton@asutus.ee
Timofei;Püvi;39703273977;timofei.puvi;timofei.puvi@asutus.ee
Ralf;Kozlov;39708224230;ralf.kozlov;ralf.kozlov@asutus.ee
Antti;Orlov;39102226858;antti.orlov;antti.orlov@asutus.ee
Emeri;Kont;49606102065;emeri.kont;emeri.kont@asutus.ee
Kevin;Pajula;39504083419;kevin.pajula;kevin.pajula@asutus.ee
Annaliisa;Raja;49308119376;annaliisa.raja;annaliisa.raja@asutus.ee
Janelle;Bell;49510117323;janelle.bell;janelle.bell@asutus.ee
Nele-Liis;Tomson;49401156382;neleliis.tomson;neleliis.tomson@asutus.ee
Kaili;Pärnpuu;49311259206;kaili.parnpuu;kaili.parnpuu@asutus.ee
Elisa;Kaur;49009284979;elisa.kaur;elisa.kaur@asutus.ee
Keven;Solovjov;39112024165;keven.solovjov;keven.solovjov@asutus.ee
Igor;Powell;39310305431;igor.powell;igor.powell@asutus.ee
Kenneth;Liivamägi;39603253943;kenneth.liivamagi;kenneth.liivamagi@asutus.ee
Gretel;Makarov;49606183005;gretel.makarov;gretel.makarov@asutus.ee
Kaur;Konovalov;39007032795;kaur.konovalov;kaur.konovalov@asutus.ee
Egon;Erm;39503135596;egon.erm;egon.erm@asutus.ee
Kerttu;Maripuu;49906309597;kerttu.maripuu;kerttu.maripuu@asutus.ee
Alice;Kärner;49503163218;alice.karner;alice.karner@asutus.ee
Aivar;Kolk;39103018067;aivar.kolk;aivar.kolk@asutus.ee
Toivo;Sikorski;39908125094;toivo.sikorski;toivo.sikorski@asutus.ee
Mike;Laht;39806016969;mike.laht;mike.laht@asutus.ee
Victoria;Lillemets;49104120650;victoria.lillemets;victoria.lillemets@asutus.ee
Aire;Klaas;49510077455;aire.klaas;aire.klaas@asutus.ee
Greete;Palm;49811130809;greete.palm;greete.palm@asutus.ee
Keimo;Orlov;39809141291;keimo.orlov;keimo.orlov@asutus.ee
Lembit;Kaljula;39710031941;lembit.kaljula;lembit.kaljula@asutus.ee
Deniss;Kurg;39506163429;deniss.kurg;deniss.kurg@asutus.ee
Maarja;Baskin;49707198179;maarja.baskin;maarja.baskin@asutus.ee
Kristella;Tamberg;49011053518;kristella.tamberg;kristella.tamberg@asutus.ee
Ranno;Sepp;39002158620;ranno.sepp;ranno.sepp@asutus.ee
Karl Kristjan;Kalinin;39509058129;karlkristjan.kalinin;karlkristjan.kalinin@asutus.ee
Rando;Danilov;39012299612;rando.danilov;rando.danilov@asutus.ee
Liana;Hanson;49009068323;liana.hanson;liana.hanson@asutus.ee
Natalja;Kodres;49104037318;natalja.kodres;natalja.kodres@asutus.ee
Grethel;Kangro;49506067792;grethel.kangro;grethel.kangro@asutus.ee
Anna Liisa;Malõšev;49601310569;annaliisa.malosev;annaliisa.malosev@asutus.ee
Merlyn;Juhanson;49612198045;merlyn.juhanson;merlyn.juhanson@asutus.ee
Ronja;Golubev;49010067440;ronja.golubev;ronja.golubev@asutus.ee
Jana;Tõnisson;49501272533;jana.tonisson;jana.tonisson@asutus.ee
Karol;Lapin;39603037533;karol.lapin;karol.lapin@asutus.ee
Kevin;Uustalu;39406249291;kevin.uustalu;kevin.uustalu@asutus.ee
Mailis;Hõbe;49506071180;mailis.hobe;mailis.hobe@asutus.ee
Harry;Friedman;39507251316;harry.friedman;harry.friedman@asutus.ee
Klim;Kallas;39612225791;klim.kallas;klim.kallas@asutus.ee
Mai-Liis;Kiis;49103105344;mailiis.kiis;mailiis.kiis@asutus.ee
Kirke;Kaljuste;49805091883;kirke.kaljuste;kirke.kaljuste@asutus.ee
Marco;Rebane;39605293579;marco.rebane;marco.rebane@asutus.ee
Margaret;Moroz;49307155283;margaret.moroz;margaret.moroz@asutus.ee
Ruslan;Mihhailov;39608260490;ruslan.mihhailov;ruslan.mihhailov@asutus.ee
Tairo;Rätsep;39911121272;tairo.ratsep;tairo.ratsep@asutus.ee
Anastasija;Muru;49409061038;anastasija.muru;anastasija.muru@asutus.ee
Hugo;Kallaste;39909221987;hugo.kallaste;hugo.kallaste@asutus.ee
Jarek;Teras;39207047525;jarek.teras;jarek.teras@asutus.ee
Heli;Kriisa;49504257556;heli.kriisa;heli.kriisa@asutus.ee
Sigrid;Parts;49711019555;sigrid.parts;sigrid.parts@asutus.ee
Karita;Vlassov;49602085975;karita.vlassov;karita.vlassov@asutus.ee
Taivo;Laas;39804161544;taivo.laas;taivo.laas@asutus.ee
Eleanora;Annus;49607238364;eleanora.annus;eleanora.annus@asutus.ee
Eleonora;Lomp;49206066590;eleonora.lomp;eleonora.lomp@asutus.ee
Marje;Andreev;49908235682;marje.andreev;marje.andreev@asutus.ee
Agris;Andreev;39812135416;agris.andreev;agris.andreev@asutus.ee
Eliisabet;Toom;49602216186;eliisabet.toom;eliisabet.toom@asutus.ee
Laura;Kuusik;49501233516;laura.kuusik;laura.kuusik@asutus.ee
Maria;Pärnpuu;49112026963;maria.parnpuu;maria.parnpuu@asutus.ee
Leanika;Palm;49112033292;leanika.palm;leanika.palm@asutus.ee
Henrik;Jõesaar;39307173633;henrik.joesaar;henrik.joesaar@asutus.ee
Helena;Saare;49707226691;helena.saare;helena.saare@asutus.ee
Marilyn;Tammet;49010139878;marilyn.tammet;marilyn.tammet@asutus.ee
Kaja;Nikolaev;49306205655;kaja.nikolaev;kaja.nikolaev@asutus.ee
Loore;Kuningas;49011070067;loore.kuningas;loore.kuningas@asutus.ee
Simona;Pikk;49807149672;simona.pikk;simona.pikk@asutus.ee
Viktoria;Valge;49709140539;viktoria.valge;viktoria.valge@asutus.ee
Elery;Lukk;49005238153;elery.lukk;elery.lukk@asutus.ee
Kalle;Mercklin;39211119414;kalle.mercklin;kalle.mercklin@asutus.ee
Enely;Lebedev;49103201027;enely.lebedev;enely.lebedev@asutus.ee
Valentin;Kivilo;39308146591;valentin.kivilo;valentin.kivilo@asutus.ee
Tristan;Kalamees;39712141578;tristan.kalamees;tristan.kalamees@asutus.ee
Sulev;Filippov;39108171612;sulev.filippov;sulev.filippov@asutus.ee
Anu;Lass;49906309937;anu.lass;anu.lass@asutus.ee
Aksel;Mäe;39410124693;aksel.mae;aksel.mae@asutus.ee
Sigmar;Pärna;39406166757;sigmar.parna;sigmar.parna@asutus.ee
Maidu;Allik;39602138593;maidu.allik;maidu.allik@asutus.ee
Brigita;Frolov;49707014847;brigita.frolov;brigita.frolov@asutus.ee
Kristian;Tuul;39812190096;kristian.tuul;kristian.tuul@asutus.ee
Danil;Melnik;39401092916;danil.melnik;danil.melnik@asutus.ee
Emili;Viik;49112086797;emili.viik;emili.viik@asutus.ee
Ramon;Vares;39707169364;ramon.vares;ramon.vares@asutus.ee
Roomet;Annus;39811246923;roomet.annus;roomet.annus@asutus.ee
Ene;Kukk;49909082828;ene.kukk;ene.kukk@asutus.ee
Margo;Õunapuu;39803081618;margo.ounapuu;margo.ounapuu@asutus.ee
Sabrina;Eller;49511025334;sabrina.eller;sabrina.eller@asutus.ee
Indra;Randoja;49904206763;indra.randoja;indra.randoja@asutus.ee
Risto;Mädamürk;39606247726;risto.madamurk;risto.madamurk@asutus.ee
Angelika;Luiga;49410210368;angelika.luiga;angelika.luiga@asutus.ee
Alondra;Kodres;49510295459;alondra.kodres;alondra.kodres@asutus.ee
Mikk;Kozlov;39707159166;mikk.kozlov;mikk.kozlov@asutus.ee
Mariliis;Timofejev;49306221041;mariliis.timofejev;mariliis.timofejev@asutus.ee
Inna;Kool;49008080921;inna.kool;inna.kool@asutus.ee
Melani;Õispuu;49201087639;melani.oispuu;melani.oispuu@asutus.ee
Vanessa;Käsper;49710301423;vanessa.kasper;vanessa.kasper@asutus.ee
Anders;Žuravljov;39312237537;anders.zuravljov;anders.zuravljov@asutus.ee
Holger;Nõmmik;39705293362;holger.nommik;holger.nommik@asutus.ee
Natali;Danilov;49902202028;natali.danilov;natali.danilov@asutus.ee
Jorgen;Aus;39607032638;jorgen.aus;jorgen.aus@asutus.ee
Kirill;Sulg;39210150449;kirill.sulg;kirill.sulg@asutus.ee
Felix;Liivak;39104218213;felix.liivak;felix.liivak@asutus.ee
Anett;Niit;49511166660;anett.niit;anett.niit@asutus.ee
Anžela;Kruglov;49002110290;anzela.kruglov;anzela.kruglov@asutus.ee
Ljubov;Luik;49203078241;ljubov.luik;ljubov.luik@asutus.ee
Maidu;Reinsalu;39402014482;maidu.reinsalu;maidu.reinsalu@asutus.ee
Angela;Uus;49304235726;angela.uus;angela.uus@asutus.ee
Heino;Toom;39308216857;heino.toom;heino.toom@asutus.ee
Aurelia;Laas;49504133575;aurelia.laas;aurelia.laas@asutus.ee
Carlos;Vaht;39404067457;carlos.vaht;carlos.vaht@asutus.ee
Karoliine;Kaasik;49112116525;karoliine.kaasik;karoliine.kaasik@asutus.ee
Olivia;Kruglov;49203139150;olivia.kruglov;olivia.kruglov@asutus.ee
Kerttu;Õunapuu;49510137207;kerttu.ounapuu;kerttu.ounapuu@asutus.ee
Kaimar;Ignatjev;39809043437;kaimar.ignatjev;kaimar.ignatjev@asutus.ee
Eleri;Õunapuu;49904253904;eleri.ounapuu;eleri.ounapuu@asutus.ee
Marta;Trei;49510052418;marta.trei;marta.trei@asutus.ee
Andri;Saveljev;39301074718;andri.saveljev;andri.saveljev@asutus.ee
Liisa Maria;Oras;49708198832;liisamaria.oras;liisamaria.oras@asutus.ee
Karl Oskar;Aasa;39510026590;karloskar.aasa;karloskar.aasa@asutus.ee
Jevgeni;Liblik;39411121948;jevgeni.liblik;jevgeni.liblik@asutus.ee
Marge;Oras;49205287703;marge.oras;marge.oras@asutus.ee
Eliza;Sild;49307255130;eliza.sild;eliza.sild@asutus.ee
Aet;Lunin;49212119102;aet.lunin;aet.lunin@asutus.ee
Keiti;Rosenberg;49912193022;keiti.rosenberg;keiti.rosenberg@asutus.ee
Emma;Kolk;49008259372;emma.kolk;emma.kolk@asutus.ee
Martin;Järv;39303141154;martin.jarv;martin.jarv@asutus.ee
Merli;Sillaste;49602292347;merli.sillaste;merli.sillaste@asutus.ee
Konstantin;Raidma;39707317454;konstantin.raidma;konstantin.raidma@asutus.ee
Hannes;Hanson;39703228593;hannes.hanson;hannes.hanson@asutus.ee
Elerin;Loorits;49502088062;elerin.loorits;elerin.loorits@asutus.ee
Felix;Kangur;39703185659;felix.kangur;felix.kangur@asutus.ee
Nadežda;Abbt;49510218391;nadezda.abbt;nadezda.abbt@asutus.ee
Katri;Pihlak;49311274080;katri.pihlak;katri.pihlak@asutus.ee
Renno;Kroon;39209132773;renno.kroon;renno.kroon@asutus.ee
Rûta;Kļaviņš;49912311234;ruta.klavins;ruta.klavins@asutus.ee
Elîza;Kalniņš;49912312345;eliza.kalnins;eliza.kalnins@asutus.ee
Dārta;Bērziņš;49912313456;darta.berzins;darta.berzins@asutus.ee
Šaša;Želežnjov;39912911235;sasa.zeleznjov;sasa.zeleznjov@asutus.ee
